Sequence,Category_Id,Difficulty,SNo,English,Tamil,Category_Name,Category_Name_Tamil
1,1,D1,1,ear,காது,Body Parts,உடல் பகுதிகள்
2,1,D1,2,nose,மூக்கு,Body Parts,உடல் பகுதிகள்
3,1,D1,3,head,தலை,Body Parts,உடல் பகுதிகள்
4,1,D1,4,eye,கண்,Body Parts,உடல் பகுதிகள்
5,1,D1,5,hand,கை,Body Parts,உடல் பகுதிகள்
6,1,D1,6,leg,கால்,Body Parts,உடல் பகுதிகள்
7,1,D1,7,body,உடம்பு (உடல்),Body Parts,உடல் பகுதிகள்
8,1,D1,8,teeth,பல்,Body Parts,உடல் பகுதிகள்
9,1,D1,9,finger,விரல்,Body Parts,உடல் பகுதிகள்
10,1,D1,10,neck,கழுத்து,Body Parts,உடல் பகுதிகள்
11,1,D1,11,nail,நகம்,Body Parts,உடல் பகுதிகள்
12,1,D1,12,eyebrow,புருவம்,Body Parts,உடல் பகுதிகள்
13,1,D1,13,lip,உதடு,Body Parts,உடல் பகுதிகள்
14,1,D1,14,skin,தோல்,Body Parts,உடல் பகுதிகள்
15,1,D1,15,stomach,வயிறு,Body Parts,உடல் பகுதிகள்
16,1,D1,16,hair,முடி,Body Parts,உடல் பகுதிகள்
17,1,D1,17,tongue,நாக்கு,Body Parts,உடல் பகுதிகள்
18,1,D1,18,back,முதுகு,Body Parts,உடல் பகுதிகள்
19,1,D1,19,thigh,தொடை,Body Parts,உடல் பகுதிகள்
20,1,D1,20,forehead,நெற்றி,Body Parts,உடல் பகுதிகள்
21,1,D2,1,lungs,நுரையீரல்,Body Parts,உடல் பகுதிகள்
22,1,D2,2,eyelid,இமை,Body Parts,உடல் பகுதிகள்
23,1,D2,3,heart,இதயம்,Body Parts,உடல் பகுதிகள்
24,1,D2,4,intestine,குடல்,Body Parts,உடல் பகுதிகள்
25,1,D2,5,shoulder,தோள்,Body Parts,உடல் பகுதிகள்
26,1,D2,6,bronchialtube,மூச்சுக் குழாய்,Body Parts,உடல் பகுதிகள்
27,1,D2,7,foot,பாதம்,Body Parts,உடல் பகுதிகள்
28,1,D2,8,palm,உள்ளங்கை,Body Parts,உடல் பகுதிகள்
29,1,D2,9,fingerprint,கைரேகை,Body Parts,உடல் பகுதிகள்
30,1,D2,10,cheek,கன்னம்,Body Parts,உடல் பகுதிகள்
31,1,D2,11,elbow,முழங்கை,Body Parts,உடல் பகுதிகள்
32,1,D2,12,bone,எலும்பு,Body Parts,உடல் பகுதிகள்
33,1,D2,13,hip,இடுப்பு,Body Parts,உடல் பகுதிகள்
34,1,D2,14,spine,முதுகெலும்பு,Body Parts,உடல் பகுதிகள்
35,1,D2,15,toe,கால்விரல்,Body Parts,உடல் பகுதிகள்
36,1,D2,16,bonejoint,எலும்பு மூட்டு,Body Parts,உடல் பகுதிகள்
37,1,D2,17,throat,தொண்டை,Body Parts,உடல் பகுதிகள்
38,1,D2,18,brain,மூளை,Body Parts,உடல் பகுதிகள்
39,1,D2,19,blood,குருதி,Body Parts,உடல் பகுதிகள்
40,1,D2,20,knee,முழங்கால்,Body Parts,உடல் பகுதிகள்
41,2,D1,1,rice,அரிசி,Food & Groceries,உணவு & மளிகை
42,2,D1,2,lentil,பருப்பு,Food & Groceries,உணவு & மளிகை
43,2,D1,3,milk,பால்,Food & Groceries,உணவு & மளிகை
44,2,D1,4,yogurt,தயிர்,Food & Groceries,உணவு & மளிகை
45,2,D1,5,sugar,சர்க்கரை,Food & Groceries,உணவு & மளிகை
46,2,D1,6,salt,உப்பு,Food & Groceries,உணவு & மளிகை
47,2,D1,7,egg,முட்டை,Food & Groceries,உணவு & மளிகை
48,2,D1,8,honey,தேன்,Food & Groceries,உணவு & மளிகை
49,2,D1,9,meat,மாமிசம்,Food & Groceries,உணவு & மளிகை
50,2,D1,10,buttermilk,மோர்,Food & Groceries,உணவு & மளிகை
51,2,D1,11,oil,எண்ணெய்,Food & Groceries,உணவு & மளிகை
52,2,D1,12,butter,வெண்ணெய்,Food & Groceries,உணவு & மளிகை
53,2,D1,13,flour,மாவு,Food & Groceries,உணவு & மளிகை
54,2,D1,14,mustard,கடுகு,Food & Groceries,உணவு & மளிகை
55,2,D1,15,tamarind,புளி,Food & Groceries,உணவு & மளிகை
56,2,D1,16,pickle,ஊறுகாய்,Food & Groceries,உணவு & மளிகை
57,2,D1,17,snacks,தின்பண்டங்கள்,Food & Groceries,உணவு & மளிகை
58,2,D1,18,sweets,இனிப்புகள்,Food & Groceries,உணவு & மளிகை
59,2,D1,19,jaggery,வெல்லம்,Food & Groceries,உணவு & மளிகை
60,2,D1,20,candy,மிட்டாய்,Food & Groceries,உணவு & மளிகை
61,2,D2,1,cotton candy,பஞ்சுமிட்டாய்,Food & Groceries,உணவு & மளிகை
62,2,D2,2,porridge,கஞ்சி,Food & Groceries,உணவு & மளிகை
63,2,D2,3,soup,வடிசாறு,Food & Groceries,உணவு & மளிகை
64,2,D2,4,bread slice,ரொட்டித்துண்டு,Food & Groceries,உணவு & மளிகை
65,2,D2,5,jam,பழக்கூட்டு,Food & Groceries,உணவு & மளிகை
66,2,D2,6,tea,தேநீர்,Food & Groceries,உணவு & மளிகை
67,2,D2,7,lemonade,எலுமிச்சை பானம்,Food & Groceries,உணவு & மளிகை
68,2,D2,8,hot water,வெந்நீர்,Food & Groceries,உணவு & மளிகை
69,2,D2,9,tender coconut water,இளநீர்,Food & Groceries,உணவு & மளிகை
70,2,D2,10,breakfast,காலை உணவு,Food & Groceries,உணவு & மளிகை
71,2,D2,11,lunch,மதிய உணவு,Food & Groceries,உணவு & மளிகை
72,2,D2,12,dinner,இரவு உணவு,Food & Groceries,உணவு & மளிகை
73,2,D2,13,feast,விருந்து,Food & Groceries,உணவு & மளிகை
74,2,D2,14,Fruit Juice,பழச்சாறு,Food & Groceries,உணவு & மளிகை
75,2,D2,15,cumin,சீரகம்,Food & Groceries,உணவு & மளிகை
76,2,D2,16,turmeric,மஞ்சள்,Food & Groceries,உணவு & மளிகை
77,2,D2,17,chili powder,மிளகாய்த்தூள்,Food & Groceries,உணவு & மளிகை
78,2,D2,18,ginger,இஞ்சி,Food & Groceries,உணவு & மளிகை
79,2,D2,19,almond,வாதுமைப் பருப்பு,Food & Groceries,உணவு & மளிகை
80,2,D2,20,peanut,வேர்க்கடலை,Food & Groceries,உணவு & மளிகை
81,3,D1,1,home,இல்லம்,Household Items,வீட்டுப் பொருள்கள்
82,3,D1,2,entrance,வாசல்,Household Items,வீட்டுப் பொருள்கள்
83,3,D1,3,door,கதவு,Household Items,வீட்டுப் பொருள்கள்
84,3,D1,4,window,சன்னல்,Household Items,வீட்டுப் பொருள்கள்
85,3,D1,5,chair,நாற்காலி,Household Items,வீட்டுப் பொருள்கள்
86,3,D1,6,table,மேசை,Household Items,வீட்டுப் பொருள்கள்
87,3,D1,7,bed,கட்டில்,Household Items,வீட்டுப் பொருள்கள்
88,3,D1,8,upstairs,மாடி,Household Items,வீட்டுப் பொருள்கள்
89,3,D1,9,plate,தட்டு,Household Items,வீட்டுப் பொருள்கள்
90,3,D1,10,spoon,கரண்டி,Household Items,வீட்டுப் பொருள்கள்
91,3,D1,11,stove,அடுப்பு,Household Items,வீட்டுப் பொருள்கள்
92,3,D1,12,clock,கடிகாரம்,Household Items,வீட்டுப் பொருள்கள்
93,3,D1,13,pot,பாத்திரம்,Household Items,வீட்டுப் பொருள்கள்
94,3,D1,14,bowl,கிண்ணம்,Household Items,வீட்டுப் பொருள்கள்
95,3,D1,15,knife,கத்தி,Household Items,வீட்டுப் பொருள்கள்
96,3,D1,16,basket,கூடை,Household Items,வீட்டுப் பொருள்கள்
97,3,D1,17,bag,பை,Household Items,வீட்டுப் பொருள்கள்
98,3,D1,18,umbrella,குடை,Household Items,வீட்டுப் பொருள்கள்
99,3,D1,19,fan,விசிறி,Household Items,வீட்டுப் பொருள்கள்
100,3,D1,20,mat,பாய்,Household Items,வீட்டுப் பொருள்கள்
101,3,D2,1,refrigerator,குளிர்சாதனப் பெட்டி,Household Items,வீட்டுப் பொருள்கள்
102,3,D2,2,clay pot,மண்சட்டி,Household Items,வீட்டுப் பொருள்கள்
103,3,D2,3,electric fan,மின்விசிறி,Household Items,வீட்டுப் பொருள்கள்
104,3,D2,4,water pipe,தண்ணீர்க்குழாய்,Household Items,வீட்டுப் பொருள்கள்
105,3,D2,5,computer,கணினி,Household Items,வீட்டுப் பொருள்கள்
106,3,D2,6,kitchen,சமையலறை,Household Items,வீட்டுப் பொருள்கள்
107,3,D2,7,bathroom,குளியலறை,Household Items,வீட்டுப் பொருள்கள்
108,3,D2,8,bedroom,படுக்கையறை,Household Items,வீட்டுப் பொருள்கள்
109,3,D2,9,mirror,நிலைக்கண்ணாடி,Household Items,வீட்டுப் பொருள்கள்
110,3,D2,10,telephone,தொலைபேசி,Household Items,வீட்டுப் பொருள்கள்
111,3,D2,11,television,தொலைகாட்சிப்பெட்டி,Household Items,வீட்டுப் பொருள்கள்
112,3,D2,12,radio,வானொலி,Household Items,வீட்டுப் பொருள்கள்
113,3,D2,13,mobile,கைப்பேசி,Household Items,வீட்டுப் பொருள்கள்
114,3,D2,14,electric light,மின்விளக்கு,Household Items,வீட்டுப் பொருள்கள்
115,3,D2,15,chandelier,சரவிளக்கு,Household Items,வீட்டுப் பொருள்கள்
116,3,D2,16,photograph,புகைப்படம்,Household Items,வீட்டுப் பொருள்கள்
117,3,D2,17,scissors,கத்தரிக்கோல்,Household Items,வீட்டுப் பொருள்கள்
118,3,D2,18,latch,தாழ்ப்பாள்,Household Items,வீட்டுப் பொருள்கள்
119,3,D2,19,pillow,தலையணை,Household Items,வீட்டுப் பொருள்கள்
120,3,D2,20,blanket,போர்வை,Household Items,வீட்டுப் பொருள்கள்
121,4,D1,1,school,பள்ளி,School Items,பள்ளிப் பொருள்கள்
122,4,D1,2,teacher,ஆசிரியர்,School Items,பள்ளிப் பொருள்கள்
123,4,D1,3,book,புத்தகம்,School Items,பள்ளிப் பொருள்கள்
124,4,D1,4,pen,எழுதுகோல்,School Items,பள்ளிப் பொருள்கள்
125,4,D1,5,book bag,புத்தகப்பை,School Items,பள்ளிப் பொருள்கள்
126,4,D1,6,student,மாணவன்,School Items,பள்ளிப் பொருள்கள்
127,4,D1,7,classroom,வகுப்பறை,School Items,பள்ளிப் பொருள்கள்
128,4,D1,8,exam,தேர்வு,School Items,பள்ளிப் பொருள்கள்
129,4,D1,9,score,மதிப்பெண்,School Items,பள்ளிப் பொருள்கள்
130,4,D1,10,lesson,பாடம்,School Items,பள்ளிப் பொருள்கள்
131,4,D1,11,award,விருது,School Items,பள்ளிப் பொருள்கள்
132,4,D1,12,answer,விடை,School Items,பள்ளிப் பொருள்கள்
133,4,D1,13,question,வினா,School Items,பள்ளிப் பொருள்கள்
134,4,D1,14,holiday,விடுமுறை,School Items,பள்ளிப் பொருள்கள்
135,4,D1,15,paper,காகிதம்,School Items,பள்ளிப் பொருள்கள்
136,4,D1,16,school library,பள்ளி நூலகம்,School Items,பள்ளிப் பொருள்கள்
137,4,D1,17,competition,போட்டி,School Items,பள்ளிப் பொருள்கள்
138,4,D1,18,English,ஆங்கிலம்,School Items,பள்ளிப் பொருள்கள்
139,4,D1,19,knowledge,அறிவு,School Items,பள்ளிப் பொருள்கள்
140,4,D1,20,eraser,அழிப்பான்,School Items,பள்ளிப் பொருள்கள்
141,4,D2,1,paint brush,வண்ணத் தூரிகை,School Items,பள்ளிப் பொருள்கள்
142,4,D2,2,playground,விளையாட்டுத் திடல்,School Items,பள்ளிப் பொருள்கள்
143,4,D2,3,race,பந்தயம்,School Items,பள்ளிப் பொருள்கள்
144,4,D2,4,chalk,சுண்ண எழுதுகோல்,School Items,பள்ளிப் பொருள்கள்
145,4,D2,5,trophy,பரிசுக் கோப்பை,School Items,பள்ளிப் பொருள்கள்
146,4,D2,6,uniform,சீருடை,School Items,பள்ளிப் பொருள்கள்
147,4,D2,7,announcement,அறிவிப்பு,School Items,பள்ளிப் பொருள்கள்
148,4,D2,8,loud speaker,ஒலிபெருக்கி,School Items,பள்ளிப் பொருள்கள்
149,4,D2,9,interval,இடைவேளை,School Items,பள்ளிப் பொருள்கள்
150,4,D2,10,black board,கரும்பலகை,School Items,பள்ளிப் பொருள்கள்
151,4,D2,11,memorize,மனப்பாடம்,School Items,பள்ளிப் பொருள்கள்
152,4,D2,12,read,படி,School Items,பள்ளிப் பொருள்கள்
153,4,D2,13,home work,வீட்டுப்பாடம்,School Items,பள்ளிப் பொருள்கள்
154,4,D2,14,certificate,சான்றிதழ்,School Items,பள்ளிப் பொருள்கள்
155,4,D2,15,research,ஆராய்ச்சி,School Items,பள்ளிப் பொருள்கள்
156,4,D2,16,pass,தேர்ச்சி,School Items,பள்ளிப் பொருள்கள்
157,4,D2,17,social science,சமூக அறிவியல்,School Items,பள்ளிப் பொருள்கள்
158,4,D2,18,headmaster,தலைமை ஆசிரியர்,School Items,பள்ளிப் பொருள்கள்
159,4,D2,19,school bus,பள்ளிப்பேருந்து,School Items,பள்ளிப் பொருள்கள்
160,4,D2,20,poem,கவிதை,School Items,பள்ளிப் பொருள்கள்
161,5,D1,1,mom,அம்மா,Family,குடும்பம்
162,5,D1,2,dad,அப்பா,Family,குடும்பம்
163,5,D1,3,older brother,அண்ணன்,Family,குடும்பம்
164,5,D1,4,older sister,அக்கா,Family,குடும்பம்
165,5,D1,5,younger brother,தம்பி,Family,குடும்பம்
166,5,D1,6,younger sister,தங்கை,Family,குடும்பம்
167,5,D1,7,grandfather,தாத்தா,Family,குடும்பம்
168,5,D1,8,grandmother,பாட்டி,Family,குடும்பம்
169,5,D1,9,aunt,அத்தை,Family,குடும்பம்
170,5,D1,10,uncle,மாமா,Family,குடும்பம்
171,5,D1,11,husband,கணவன்,Family,குடும்பம்
172,5,D1,12,wife,மனைவி,Family,குடும்பம்
173,5,D1,13,friend (boy),தோழன்,Family,குடும்பம்
174,5,D1,14,friend (girl),தோழி,Family,குடும்பம்
175,5,D1,15,friends,நண்பர்கள்,Family,குடும்பம்
176,5,D1,16,baby,குழந்தை,Family,குடும்பம்
177,5,D1,17,grandson,பேரன்,Family,குடும்பம்
178,5,D1,18,granddaughter,பேத்தி,Family,குடும்பம்
179,5,D1,19,son,மகன்,Family,குடும்பம்
180,5,D1,20,daughter,மகள்,Family,குடும்பம்
181,5,D2,1,mom's older sister,பெரியம்மா,Family,குடும்பம்
182,5,D2,2,dad's older brother,பெரியப்பா,Family,குடும்பம்
183,5,D2,3,mom's younger sister,சித்தி,Family,குடும்பம்
184,5,D2,4,dad's younger brother,சித்தப்பா,Family,குடும்பம்
185,5,D2,5,mother-in-law,மாமியார்,Family,குடும்பம்
186,5,D2,6,father-in-law,மாமனார்,Family,குடும்பம்
187,5,D2,7,son-in-law,மருமகன்,Family,குடும்பம்
188,5,D2,8,daughter-in-law,மருமகள்,Family,குடும்பம்
189,5,D2,9,older brother's wife,அண்ணி,Family,குடும்பம்
190,5,D2,10,relatives,உறவினர்கள்,Family,குடும்பம்
191,5,D2,11,family,குடும்பம்,Family,குடும்பம்
192,5,D2,12,parents,பெற்றோர்,Family,குடும்பம்
193,5,D2,13,groom,மணமகன்,Family,குடும்பம்
194,5,D2,14,bride,மணமகள்,Family,குடும்பம்
195,5,D2,15,ancestors,முன்னோர்,Family,குடும்பம்
196,5,D2,16,grandkids,பேரக்குழந்தைகள்,Family,குடும்பம்
197,5,D2,17,great grandfather,கொள்ளுத்தாத்தா,Family,குடும்பம்
198,5,D2,18,great grandmother,கொள்ளுப்பாட்டி,Family,குடும்பம்
199,5,D2,19,siblings,உடன்பிறந்தவர்கள்,Family,குடும்பம்
200,5,D2,20,niece,உடன்பிறந்தோர் மகள்,Family,குடும்பம்
201,13,D1,1,banana,வாழைப்பழம்,Fruits,பழங்கள்
202,13,D1,2,jackfruit,பலாப்பழம்,Fruits,பழங்கள்
203,13,D1,3,mango,மாம்பழம்,Fruits,பழங்கள்
204,13,D1,4,guavas,கொய்யாப்பழம்,Fruits,பழங்கள்
205,13,D1,5,custard apple,சீதாப்பழம்,Fruits,பழங்கள்
206,13,D1,6,jamun fruit,நாவல் பழம்,Fruits,பழங்கள்
207,13,D1,7,pomegranate,மாதுளம்பழம்,Fruits,பழங்கள்
208,13,D1,8,fig,அத்திப்பழம்,Fruits,பழங்கள்
209,13,D1,9,pineapple,அன்னாசிப்பழம்,Fruits,பழங்கள்
210,13,D1,10,papaya,ப்பாளிப்பழம்,Fruits,பழங்கள்
211,13,D1,11,raisins,உலர் திராட்சை,Fruits,பழங்கள்
212,13,D1,12,lemon,எலுமிச்சம்பழம்,Fruits,பழங்கள்
213,13,D1,13,grapes,திராட்சைப்பழம்,Fruits,பழங்கள்
214,13,D1,14,pears,பேரிக்காய்,Fruits,பழங்கள்
215,13,D1,15,dates,பேரீச்சம்பழம்,Fruits,பழங்கள்
216,13,D1,16,gooseberry,நெல்லிக்காய்,Fruits,பழங்கள்
217,13,D1,17,chiku fruit,சீமையிலுப்பை,Fruits,பழங்கள்
218,13,D1,18,citron,நாரத்தைப் பழம்,Fruits,பழங்கள்
219,13,D1,19,orange,கிச்சிலிப்பழம்,Fruits,பழங்கள்
220,13,D1,20,watermelon,தர்ப்பூசணிப்பழ ம்,Fruits,பழங்கள்
221,13,D2,1,blackberry,கருநாவற்பழம்,Fruits,பழங்கள்
222,13,D2,2,sweet lime,சாத்துக்குடி,Fruits,பழங்கள்
223,13,D2,3,sugar palm,நுங்கு,Fruits,பழங்கள்
224,13,D2,4,cashew fruit,முந்திரிப்பழம்,Fruits,பழங்கள்
225,13,D2,5,wood apple,விளாம்பழம்,Fruits,பழங்கள்
226,13,D2,6,lychee,விலச்சிப்பழம்,Fruits,பழங்கள்
227,13,D2,7,apple,குமளிப்பழம்,Fruits,பழங்கள்
228,13,D2,8,apricot,சருக்கரை பாதாமிப்பழம்,Fruits,பழங்கள்
229,13,D2,9,honeydew melon,தேனீ முலாம்பழம்,Fruits,பழங்கள்
230,13,D2,10,muskmelon,கீரணிப்பழம்,Fruits,பழங்கள்
231,13,D2,11,kiwi fruit,பசலிப்பழம்,Fruits,பழங்கள்
232,13,D2,12,avocado,வெண்ணெய்ப்பழம்,Fruits,பழங்கள்
233,13,D2,13,bell fruit,பஞ்சலிப்பழம்,Fruits,பழங்கள்
234,13,D2,14,strawberry,செம்புற்றுப்பழம்,Fruits,பழங்கள்
235,13,D2,15,tamarind fruit,புளியம்பழம்,Fruits,பழங்கள்
236,13,D2,16,blueberry,அவுரிநெல்லி,Fruits,பழங்கள்
237,13,D2,17,cantaloupe,மஞ்சள் முலாம்பழம்,Fruits,பழங்கள்
238,13,D2,18,cranberry,குருதி நெல்லி,Fruits,பழங்கள்
239,13,D2,19,dragon fruit,விருத்திரப்பழம்,Fruits,பழங்கள்
240,13,D2,20,plantain fruit,நேந்திரம்பழம்,Fruits,பழங்கள்
241,17,D1,1,angle,கோணம்,Numbers and Math,"எண்கள், கணக்கு"
242,17,D1,2,square,சதுரம்,Numbers and Math,"எண்கள், கணக்கு"
243,17,D1,3,number,எண்,Numbers and Math,"எண்கள், கணக்கு"
244,17,D1,4,seventy,எழுபது,Numbers and Math,"எண்கள், கணக்கு"
245,17,D1,5,center,மையம்,Numbers and Math,"எண்கள், கணக்கு"
246,17,D1,6,interest,வட்டி,Numbers and Math,"எண்கள், கணக்கு"
247,17,D1,7,expense,செலவு,Numbers and Math,"எண்கள், கணக்கு"
248,17,D1,8,rectangle,செவ்வகம்,Numbers and Math,"எண்கள், கணக்கு"
249,17,D1,9,straight line,நேர்க்கோடு,Numbers and Math,"எண்கள், கணக்கு"
250,17,D1,10,zero,சுழியம்,Numbers and Math,"எண்கள், கணக்கு"
251,17,D1,11,triangle,முக்கோணம்,Numbers and Math,"எண்கள், கணக்கு"
252,17,D1,12,eighty,எண்பது,Numbers and Math,"எண்கள், கணக்கு"
253,17,D1,13,circle,வட்டம்,Numbers and Math,"எண்கள், கணக்கு"
254,17,D1,14,addition,கூட்டல்,Numbers and Math,"எண்கள், கணக்கு"
255,17,D1,15,division,வகுத்தல்,Numbers and Math,"எண்கள், கணக்கு"
256,17,D1,16,multiplication,பெருக்கல்,Numbers and Math,"எண்கள், கணக்கு"
257,17,D1,17,subtraction,கழித்தல்,Numbers and Math,"எண்கள், கணக்கு"
258,17,D1,18,lakh,இலட்சம்,Numbers and Math,"எண்கள், கணக்கு"
259,17,D1,19,crore,கோடி,Numbers and Math,"எண்கள், கணக்கு"
260,17,D1,20,point,புள்ளி,Numbers and Math,"எண்கள், கணக்கு"
261,17,D2,1,approximate,ஏறத்தாழ,Numbers and Math,"எண்கள், கணக்கு"
262,17,D2,2,quotient,ஈவு,Numbers and Math,"எண்கள், கணக்கு"
263,17,D2,3,quarter circle,கால்வட்டம்,Numbers and Math,"எண்கள், கணக்கு"
264,17,D2,4,half circle,அரைவட்டம்,Numbers and Math,"எண்கள், கணக்கு"
265,17,D2,5,difference,வேறுபாடு,Numbers and Math,"எண்கள், கணக்கு"
266,17,D2,6,percentage,விழுக்காடு,Numbers and Math,"எண்கள், கணக்கு"
267,17,D2,7,remainder,மீதி,Numbers and Math,"எண்கள், கணக்கு"
268,17,D2,8,sum,தொகை,Numbers and Math,"எண்கள், கணக்கு"
269,17,D2,9,composite number,கலவை எண்,Numbers and Math,"எண்கள், கணக்கு"
270,17,D2,10,geometry,வடிவியல்,Numbers and Math,"எண்கள், கணக்கு"
271,17,D2,11,octagon,எண்கோணம்,Numbers and Math,"எண்கள், கணக்கு"
272,17,D2,12,pentagon,ஐங்கோணம்,Numbers and Math,"எண்கள், கணக்கு"
273,17,D2,13,hexagon,அறுகோணம்,Numbers and Math,"எண்கள், கணக்கு"
274,17,D2,14,sphere,கோளம்,Numbers and Math,"எண்கள், கணக்கு"
275,17,D2,15,right angle,செங்கோணம்,Numbers and Math,"எண்கள், கணக்கு"
276,17,D2,16,perpendicular,செங்குத்துக்கோடு,Numbers and Math,"எண்கள், கணக்கு"
277,17,D2,17,parallel,இணை கோடு,Numbers and Math,"எண்கள், கணக்கு"
278,17,D2,18,diameter,விட்டம்,Numbers and Math,"எண்கள், கணக்கு"
279,17,D2,19,trapezoid,சரிவகம்,Numbers and Math,"எண்கள், கணக்கு"
280,17,D2,20,intersection,குறுக்குவெட்டு,Numbers and Math,"எண்கள், கணக்கு"
281,19,D1,1,earth,புவி,Geography,புவியியல்
282,19,D1,2,continent,கண்டம்,Geography,புவியியல்
283,19,D1,3,country,நாடு,Geography,புவியியல்
284,19,D1,4,town,ஊர்,Geography,புவியியல்
285,19,D1,5,city,நகரம்,Geography,புவியியல்
286,19,D1,6,planets,கோள்கள்,Geography,புவியியல்
287,19,D1,7,sun,ஞாயிறு,Geography,புவியியல்
288,19,D1,8,moon,திங்கள்,Geography,புவியியல்
289,19,D1,9,peak,சிகரம்,Geography,புவியியல்
290,19,D1,10,pressure,அழுத்தம்,Geography,புவியியல்
291,19,D1,11,ranges,தொடர்கள்,Geography,புவியியல்
292,19,D1,12,globe,புவிக்கோளம்,Geography,புவியியல்
293,19,D1,13,village,கிராம்,Geography,புவியியல்
294,19,D1,14,universe,அண்டம்,Geography,புவியியல்
295,19,D1,15,geography,புவியியல் (நிலவியல்),Geography,புவியியல்
296,19,D1,16,sky,வானம்,Geography,புவியியல்
297,19,D1,17,water,நீர்,Geography,புவியியல்
298,19,D1,18,fire,நெருப்பு,Geography,புவியியல்
299,19,D1,19,state,மாநிலம்,Geography,புவியியல்
300,19,D1,20,capital,தலைநகரம்,Geography,புவியியல்
301,19,D2,1,eclipse,கிரகணம்,Geography,புவியியல்
302,19,D2,2,earthquake,நிலநடுக்கம்,Geography,புவியியல்
303,19,D2,3,typhoon,சூறாவளி,Geography,புவியியல்
304,19,D2,4,lava,எரிமலைக்குழம்பு,Geography,புவியியல்
305,19,D2,5,hemisphere,அரைக்கோளம்,Geography,புவியியல்
306,19,D2,6,plateau,பீடபூமி,Geography,புவியியல்
307,19,D2,7,tropic of cancer,கடக்கோடு,Geography,புவியியல்
308,19,D2,8,tropic of capricorn,மகரக்கோடு,Geography,புவியியல்
309,19,D2,9,drain,வடிகால்,Geography,புவியியல்
310,19,D2,10,distributaries,கிளை நதிகள்,Geography,புவியியல்
311,19,D2,11,smog,பனிப்புகை,Geography,புவியியல்
312,19,D2,12,Geyser,கொதிநீர்ஊற்று,Geography,புவியியல்
313,19,D2,13,gulf,வளைகுடா,Geography,புவியியல்
314,19,D2,14,ore,தாதுப்பொருள்,Geography,புவியியல்
315,19,D2,15,primitive man,தொல்மாந்தர்,Geography,புவியியல்
316,19,D2,16,crater,எரிமலைவாய்,Geography,புவியியல்
317,19,D2,17,blizzard,பனிப்புயல்,Geography,புவியியல்
318,19,D2,18,archipelago,தீவுக்கூட்டம்,Geography,புவியியல்
319,19,D2,19,"border line, boundary",எல்லைக்கோடு,Geography,புவியியல்
320,19,D2,20,moat,அகழி,Geography,புவியியல்
321,20,D1,1,motherly love,தாய்ப்பாசம்,Love and Care,அன்பும் அரவணைப்பும்
322,20,D1,2,caring,அக்கறை,Love and Care,அன்பும் அரவணைப்பும்
323,20,D1,3,help,உதவி,Love and Care,அன்பும் அரவணைப்பும்
324,20,D1,4,devotion,பக்தி,Love and Care,அன்பும் அரவணைப்பும்
325,20,D1,5,respect,மரியாதை,Love and Care,அன்பும் அரவணைப்பும்
326,20,D1,6,friendship,நட்பு,Love and Care,அன்பும் அரவணைப்பும்
327,20,D1,7,friendliness,தோழமை,Love and Care,அன்பும் அரவணைப்பும்
328,20,D1,8,hug,அணைப்பு,Love and Care,அன்பும் அரவணைப்பும்
329,20,D1,9,desire,ஆசை,Love and Care,அன்பும் அரவணைப்பும்
330,20,D1,10,affection,அன்புறவு,Love and Care,அன்பும் அரவணைப்பும்
331,20,D1,11,relationship,உறவு,Love and Care,அன்பும் அரவணைப்பும்
332,20,D1,12,taking care,புரத்தல் (கவனிப்பு),Love and Care,அன்பும் அரவணைப்பும்
333,20,D1,13,tender,மென்மை,Love and Care,அன்பும் அரவணைப்பும்
334,20,D1,14,fondness,நேசம்,Love and Care,அன்பும் அரவணைப்பும்
335,20,D1,15,mercy,இரக்கம்,Love and Care,அன்பும் அரவணைப்பும்
336,20,D1,16,understanding,புரிதல்,Love and Care,அன்பும் அரவணைப்பும்
337,20,D1,17,love,காதல்,Love and Care,அன்பும் அரவணைப்பும்
338,20,D1,18,companion,துணை,Love and Care,அன்பும் அரவணைப்பும்
339,20,D1,19,trust,நம்பிக்கை,Love and Care,அன்பும் அரவணைப்பும்
340,20,D1,20,kiss,முத்தம்,Love and Care,அன்பும் அரவணைப்பும்
341,20,D2,1,wedding,திருமணம்,Love and Care,அன்பும் அரவணைப்பும்
342,20,D2,2,responsible,பொறுப்பு,Love and Care,அன்பும் அரவணைப்பும்
343,20,D2,3,sympathy,அனுதாபம்,Love and Care,அன்பும் அரவணைப்பும்
344,20,D2,4,kindness,கருணை,Love and Care,அன்பும் அரவணைப்பும்
345,20,D2,5,considerate,பரிவு,Love and Care,அன்பும் அரவணைப்பும்
346,20,D2,6,humanity,மனிதநேயம்,Love and Care,அன்பும் அரவணைப்பும்
347,20,D2,7,closeness,நெருக்கம்,Love and Care,அன்பும் அரவணைப்பும்
348,20,D2,8,supportive,ஆதரவு,Love and Care,அன்பும் அரவணைப்பும்
349,20,D2,9,honesty,நேர்மை,Love and Care,அன்பும் அரவணைப்பும்
350,20,D2,10,committed,உறுதி,Love and Care,அன்பும் அரவணைப்பும்
351,20,D2,11,attachment,இணைப்பு,Love and Care,அன்பும் அரவணைப்பும்
352,20,D2,12,good natured,அன்புள்ளம்,Love and Care,அன்பும் அரவணைப்பும்
353,20,D2,13,loyalty,நன்னம்பிக்கை,Love and Care,அன்பும் அரவணைப்பும்
354,20,D2,14,greatness,மேன்மை,Love and Care,அன்பும் அரவணைப்பும்
355,20,D2,15,value,மதிப்பு,Love and Care,அன்பும் அரவணைப்பும்
356,20,D2,16,consolation,ஆறுதல்,Love and Care,அன்பும் அரவணைப்பும்
357,20,D2,17,appreciation,பாராட்டு,Love and Care,அன்பும் அரவணைப்பும்
358,20,D2,18,forgiveness,பொறுத்தருளல்,Love and Care,அன்பும் அரவணைப்பும்
359,20,D2,19,patriotism,நாட்டுப்பற்று,Love and Care,அன்பும் அரவணைப்பும்
360,20,D2,20,forever,என்றென்றும்,Love and Care,அன்பும் அரவணைப்பும்
361,22,D1,1,litter (trash),குப்பை,Climate Changes and Pollution,காலநிலை மாற்றம்
362,22,D1,2,waste,கழிவு,Climate Changes and Pollution,காலநிலை மாற்றம்
363,22,D1,3,natural gas,இயற்கை எரிவாயு,Climate Changes and Pollution,காலநிலை மாற்றம்
364,22,D1,4,plant a tree,மரம் நடு,Climate Changes and Pollution,காலநிலை மாற்றம்
365,22,D1,5,climate,பருவநிலை,Climate Changes and Pollution,காலநிலை மாற்றம்
366,22,D1,6,global warming,உலக வெப்பமயமாத ல்,Climate Changes and Pollution,காலநிலை மாற்றம்
367,22,D1,7,ocean heat,கடல் வெப்பம்,Climate Changes and Pollution,காலநிலை மாற்றம்
368,22,D1,8,wildfire,காட்டுத்தீ,Climate Changes and Pollution,காலநிலை மாற்றம்
369,22,D1,9,deforestation,காடழிப்பு,Climate Changes and Pollution,காலநிலை மாற்றம்
370,22,D1,10,solar panel,சூரியத்தகடு,Climate Changes and Pollution,காலநிலை மாற்றம்
371,22,D1,11,recycle,மறுசுழற்சி,Climate Changes and Pollution,காலநிலை மாற்றம்
372,22,D1,12,reuse,மறுபயன்பாடு,Climate Changes and Pollution,காலநிலை மாற்றம்
373,22,D1,13,habitat,வாழ்விடம்,Climate Changes and Pollution,காலநிலை மாற்றம்
374,22,D1,14,carbon dioxide,கரியமில வாயு,Climate Changes and Pollution,காலநிலை மாற்றம்
375,22,D1,15,pollution,மாசுபாடு (தூய்மைக்கேடு),Climate Changes and Pollution,காலநிலை மாற்றம்
376,22,D1,16,air pollution,காற்று மாசுபாடு,Climate Changes and Pollution,காலநிலை மாற்றம்
377,22,D1,17,water pollution,நீர் மாசுபாடு,Climate Changes and Pollution,காலநிலை மாற்றம்
378,22,D1,18,light pollution,ஒளி மாசுபடு,Climate Changes and Pollution,காலநிலை மாற்றம்
379,22,D1,19,noise pollution,ஒலி மாசுபாடு,Climate Changes and Pollution,காலநிலை மாற்றம்
380,22,D1,20,land pollution,நில மாசுபாடு,Climate Changes and Pollution,காலநிலை மாற்றம்
381,22,D2,1,ozone layer,ஓசோன் படிவம்,Climate Changes and Pollution,காலநிலை மாற்றம்
382,22,D2,2,precipitation,மழைப்பொழிவு,Climate Changes and Pollution,காலநிலை மாற்றம்
383,22,D2,3,acid rain,அமிலமழை,Climate Changes and Pollution,காலநிலை மாற்றம்
384,22,D2,4,aerology,வளிமண்டல இயல்,Climate Changes and Pollution,காலநிலை மாற்றம்
385,22,D2,5,wind turbine,காற்று விசையாழி,Climate Changes and Pollution,காலநிலை மாற்றம்
386,22,D2,6,emission,உமிழ்வு,Climate Changes and Pollution,காலநிலை மாற்றம்
387,22,D2,7,pollutant,மாசுபடுத்தி,Climate Changes and Pollution,காலநிலை மாற்றம்
388,22,D2,8,ocean acidity,கடல் அமிலத்தன்மை,Climate Changes and Pollution,காலநிலை மாற்றம்
389,22,D2,9,adaptation,பொருந்தும் தன்மை,Climate Changes and Pollution,காலநிலை மாற்றம்
390,22,D2,10,mitigate,மட்டுப்படுத்து,Climate Changes and Pollution,காலநிலை மாற்றம்
391,22,D2,11,biodegradable,மக்கும்,Climate Changes and Pollution,காலநிலை மாற்றம்
392,22,D2,12,reduce pollution,மாசுபாடு குறைத்தல்,Climate Changes and Pollution,காலநிலை மாற்றம்
393,22,D2,13,nature conservation,இயற்கைப் பாதுகாப்பு,Climate Changes and Pollution,காலநிலை மாற்றம்
394,22,D2,14,natural resources maintenance,இயற்கைவள பராமரிப்பு,Climate Changes and Pollution,காலநிலை மாற்றம்
395,22,D2,15,oil spill,எண்ணைய்க் கசிவு,Climate Changes and Pollution,காலநிலை மாற்றம்
396,22,D2,16,nuclear waste,அணுக் கழிவு,Climate Changes and Pollution,காலநிலை மாற்றம்
397,22,D2,17,toxic waste,நச்சுக்கழிவு,Climate Changes and Pollution,காலநிலை மாற்றம்
398,22,D2,18,plastic waste,நெகிழிக் கழிவு,Climate Changes and Pollution,காலநிலை மாற்றம்
399,22,D2,19,industrial waste,தொழிற்சாலைக் கழிவு,Climate Changes and Pollution,காலநிலை மாற்றம்
400,22,D2,20,solar radiation,சூரியக் கதிர்வீச்சு,Climate Changes and Pollution,காலநிலை மாற்றம்
401,23,D1,1,night,இரவு,Astronomy,வானியல்
402,23,D1,2,day,பகல்,Astronomy,வானியல்
403,23,D1,3,dawn,விடியல்,Astronomy,வானியல்
404,23,D1,4,dusk,அந்தி,Astronomy,வானியல்
405,23,D1,5,solar system,சூரியக்குடும்பம்,Astronomy,வானியல்
406,23,D1,6,mercury (planet),புதன் (கோள்),Astronomy,வானியல்
407,23,D1,7,venus,வெள்ளி (கோள்),Astronomy,வானியல்
408,23,D1,8,earth,பூமி,Astronomy,வானியல்
409,23,D1,9,mars,செவ்வாய் (கோள்),Astronomy,வானியல்
410,23,D1,10,jupiter,வியாழன் (கோள்),Astronomy,வானியல்
411,23,D1,11,saturn,சனி (கோள்),Astronomy,வானியல்
412,23,D1,12,orbit,சுற்றுப்பாதை,Astronomy,வானியல்
413,23,D1,13,telescope,தொலைநோக்கி,Astronomy,வானியல்
414,23,D1,14,horizon,அடிவானம்,Astronomy,வானியல்
415,23,D1,15,zenith,உச்சிவானம்,Astronomy,வானியல்
416,23,D1,16,space,விண்வெளி,Astronomy,வானியல்
417,23,D1,17,blackhole,கருங்குழி,Astronomy,வானியல்
418,23,D1,18,waxing,வளர்பிறை,Astronomy,வானியல்
419,23,D1,19,waning,தேய்பிறை,Astronomy,வானியல்
420,23,D1,20,vacuum,வெற்றிடம்,Astronomy,வானியல்
421,23,D2,1,atmosphere,வளி மண்டலம்,Astronomy,வானியல்
422,23,D2,2,pole star,துருவ நட்சத்திரம்,Astronomy,வானியல்
423,23,D2,3,solar eclipse,சூரிய கிரகணம்,Astronomy,வானியல்
424,23,D2,4,lunar eclipse,சந்திர கிரகணம்,Astronomy,வானியல்
425,23,D2,5,astronomical clock,வானியல் கடிகாரம்,Astronomy,வானியல்
426,23,D2,6,astronomer,வானியல் நிபுணர்,Astronomy,வானியல்
427,23,D2,7,milky way,பால் வெளியண்டம்,Astronomy,வானியல்
428,23,D2,8,galaxy,விண்மீன் மண்டலம்,Astronomy,வானியல்
429,23,D2,9,lens,கண்ணாடி வில்லை,Astronomy,வானியல்
430,23,D2,10,asteroid,குறுங்கோள்,Astronomy,வானியல்
431,23,D2,11,planetoid,வான்கோள்,Astronomy,வானியல்
432,23,D2,12,meteor shower,எரிகல் பொழிவு,Astronomy,வானியல்
433,23,D2,13,equator,பூமத்திய ரேகை,Astronomy,வானியல்
434,23,D2,14,light year,ஒளியாண்டு,Astronomy,வானியல்
435,23,D2,15,ionosphere,அயனி மண்டலம்,Astronomy,வானியல்
436,23,D2,16,cosmology,அண்டவியல்,Astronomy,வானியல்
437,23,D2,17,cosmic rays,அண்டக்கதிர்கள்,Astronomy,வானியல்
438,23,D2,18,solar filter,சூரிய வடிகட்டி,Astronomy,வானியல்
439,23,D2,19,inner planets,உட் கோள்கள்,Astronomy,வானியல்
440,23,D2,20,exoplanets,புறக்கோள்கள்,Astronomy,வானியல்
441,25,D1,1,birthday party,பிறந்தநாள் விழா,Birthday,பிறந்தநாள்
442,25,D1,2,birthday boy,பிறந்தநாள் சிறுவன்,Birthday,பிறந்தநாள்
443,25,D1,3,birthday girl,பிறந்தநாள் சிறுமி,Birthday,பிறந்தநாள்
444,25,D1,4,birthday hat,பிறந்தநாள் தொப்பி,Birthday,பிறந்தநாள்
445,25,D1,5,age,வயது,Birthday,பிறந்தநாள்
446,25,D1,6,birth date,பிறந்தேதி,Birthday,பிறந்தநாள்
447,25,D1,7,bouquet,பூங்கொத்து,Birthday,பிறந்தநாள்
448,25,D1,8,ribbons,நாடாக்கள்,Birthday,பிறந்தநாள்
449,25,D1,9,clown,கோமாளி,Birthday,பிறந்தநாள்
450,25,D1,10,candle,மெழுகுவர்த்தி,Birthday,பிறந்தநாள்
451,25,D1,11,wish,வாழ்த்து,Birthday,பிறந்தநாள்
452,25,D1,12,doll,பொம்மை,Birthday,பிறந்தநாள்
453,25,D1,13,new clothes,புத்தாடை,Birthday,பிறந்தநாள்
454,25,D1,14,food,உணவு,Birthday,பிறந்தநாள்
455,25,D1,15,gift,பரிசு,Birthday,பிறந்தநாள்
456,25,D1,16,gift box,பரிசுப் பெட்டி,Birthday,பிறந்தநாள்
457,25,D1,17,toys,விளையாட்டுப் பொருள்கள்,Birthday,பிறந்தநாள்
458,25,D1,18,stage,மேடை,Birthday,பிறந்தநாள்
459,25,D1,19,guests,விருந்தினர்கள்,Birthday,பிறந்தநாள்
460,25,D1,20,boys,சிறுவர்கள்,Birthday,பிறந்தநாள்
461,25,D2,1,eatables,தின்பண்டங்கள்,Birthday,பிறந்தநாள்
462,25,D2,2,festoon,தோரணம்,Birthday,பிறந்தநாள்
463,25,D2,3,hall,மண்டபம்,Birthday,பிறந்தநாள்
464,25,D2,4,balloon,ஊதற்பை,Birthday,பிறந்தநாள்
465,25,D2,5,blow pipe,ஊது குழாய்,Birthday,பிறந்தநாள்
466,25,D2,6,paper plate,காகித் தட்டு,Birthday,பிறந்தநாள்
467,25,D2,7,birthday song,பிறந்தநாள் பாடல்,Birthday,பிறந்தநாள்
468,25,D2,8,nail polish,நகப்பூச்சு,Birthday,பிறந்தநாள்
469,25,D2,9,greeting card,வாழ்த்து அட்டை,Birthday,பிறந்தநாள்
470,25,D2,10,celebration,கொண்டாட்டம்,Birthday,பிறந்தநாள்
471,25,D2,11,tablecloth,மேசை விரிப்பு,Birthday,பிறந்தநாள்
472,25,D2,12,table decoration,மேசை அலங்காரம்,Birthday,பிறந்தநாள்
473,25,D2,13,face painting,முக ஓவியம்,Birthday,பிறந்தநாள்
474,25,D2,14,confetti,காகி்த் துண்டுகள்,Birthday,பிறந்தநாள்
475,25,D2,15,goodie bag,அன்பளிப்புப் பை,Birthday,பிறந்தநாள்
476,25,D2,16,water gun,தண்ணீர்த் துப்பாக்கி,Birthday,பிறந்தநாள்
477,25,D2,17,serial light,தொடர் விளக்கு,Birthday,பிறந்தநாள்
478,25,D2,18,magic show,மாயவித்தை நிகழ்ச்சி,Birthday,பிறந்தநாள்
479,25,D2,19,thank you note,நன்றிக் குறிப்பு,Birthday,பிறந்தநாள்
480,25,D2,20,hospitality,உபசரிப்பு,Birthday,பிறந்தநாள்
481,29,D1,1,noun,பெயர்ச்சொல்,Grammar,இலக்கணம்
482,29,D1,2,grammar,இலக்கணம்,Grammar,இலக்கணம்
483,29,D1,3,vowel,உயிர் எழுத்து,Grammar,இலக்கணம்
484,29,D1,4,consonant,மெய்யெழுத்து,Grammar,இலக்கணம்
485,29,D1,5,vowel consonant,உயிர்மெய் எழுத்து,Grammar,இலக்கணம்
486,29,D1,6,hard-sounding consonant,வல்லினம்,Grammar,இலக்கணம்
487,29,D1,7,soft-sounding consonant,மெல்லினம்,Grammar,இலக்கணம்
488,29,D1,8,middle-sounding consonant,இடையினம்,Grammar,இலக்கணம்
489,29,D1,9,short vowel,குறில்,Grammar,இலக்கணம்
490,29,D1,10,long vowel,நெடில்,Grammar,இலக்கணம்
491,29,D1,11,word,சொல்,Grammar,இலக்கணம்
492,29,D1,12,,வாக்கியம்,Grammar,இலக்கணம்
493,29,D1,13,singular,ஒருமை,Grammar,இலக்கணம்
494,29,D1,14,plural,பன்மை,Grammar,இலக்கணம்
495,29,D1,15,past tense,கடந்தகாலம்,Grammar,இலக்கணம்
496,29,D1,16,present tense,நிகழ்காலம்,Grammar,இலக்கணம்
497,29,D1,17,future tense,எதிர்காலம்,Grammar,இலக்கணம்
498,29,D1,18,masculine gender,ஆண்பால்,Grammar,இலக்கணம்
499,29,D1,19,feminine gender,பெண்பால்,Grammar,இலக்கணம்
500,29,D1,20,verb,வினைச்சொல்,Grammar,இலக்கணம்
501,29,D2,1,antonym,எதிர்ச்சொல்,Grammar,இலக்கணம்
502,29,D2,2,synonym,இணைச்சொல்,Grammar,இலக்கணம்
503,29,D2,3,toponym,இடப்பெயர்,Grammar,இலக்கணம்
504,29,D2,4,non cognitive,அஃறிணை,Grammar,இலக்கணம்
505,29,D2,5,object,செயப்படு பொருள்,Grammar,இலக்கணம்
506,29,D2,6,adjective,பெயரடை,Grammar,இலக்கணம்
507,29,D2,7,adverb,வினையடை,Grammar,இலக்கணம்
508,29,D2,8,adjectival participle,பெயரெச்சம்,Grammar,இலக்கணம்
509,29,D2,9,adverbial participle,வினையெச்சம்,Grammar,இலக்கணம்
510,29,D2,10,preposition,வேற்றுமை உருபு,Grammar,இலக்கணம்
511,29,D2,11,active voice,செய்வினை,Grammar,இலக்கணம்
512,29,D2,12,passive voice,செயப்பாட்டு வினை,Grammar,இலக்கணம்
513,29,D2,13,first person,தன்மை,Grammar,இலக்கணம்
514,29,D2,14,second person,முன்னிலை,Grammar,இலக்கணம்
515,29,D2,15,third person,படர்க்கை,Grammar,இலக்கணம்
516,29,D2,16,conjunction,இணைப்புச்சொல்,Grammar,இலக்கணம்
517,29,D2,17,ideophone,இரட்டைக்கிளவி,Grammar,இலக்கணம்
518,29,D2,18,double word,அடுக்குத் தொடர்,Grammar,இலக்கணம்
519,29,D2,19,noun denoting rational beings,உயர்திணை,Grammar,இலக்கணம்
520,29,D2,20,rhyming compound word,இணைமொழி,Grammar,இலக்கணம்
521,30,D1,1,banyan tree,ஆலமரம்,Trees,மரங்கள்
522,30,D1,2,coconut tree,தென்னைமரம்,Trees,மரங்கள்
523,30,D1,3,mango tree,மாமரம்,Trees,மரங்கள்
524,30,D1,4,plantain tree,வாழைமரம்,Trees,மரங்கள்
525,30,D1,5,jackfruit tree,பலாமரம்,Trees,மரங்கள்
526,30,D1,6,papaya tree,பப்பாளி மரம்,Trees,மரங்கள்
527,30,D1,7,apple tree,குமளி மரம்,Trees,மரங்கள்
528,30,D1,8,orange tree,கிச்சிலி மரம்,Trees,மரங்கள்
529,30,D1,9,pear tree,பேரிக்காய் மரம்,Trees,மரங்கள்
530,30,D1,10,guava tree,கொய்யா மரம்,Trees,மரங்கள்
531,30,D1,11,fig tree,அத்திமரம்,Trees,மரங்கள்
532,30,D1,12,neem tree,வேப்பமரம்,Trees,மரங்கள்
533,30,D1,13,bamboo tree,மூங்கில் மரம்,Trees,மரங்கள்
534,30,D1,14,drumstick tree,முருங்கை மரம்,Trees,மரங்கள்
535,30,D1,15,lemon tree,எலுமிச்சை மரம்,Trees,மரங்கள்
536,30,D1,16,almond tree,வாதுமை மரம்,Trees,மரங்கள்
537,30,D1,17,curryleaf tree,கருவேப்பிலை மரம்,Trees,மரங்கள்
538,30,D1,18,cedar tree,தேவதாரு மரம்,Trees,மரங்கள்
539,30,D1,19,oak tree,கருவாலி மரம்,Trees,மரங்கள்
540,30,D1,20,palm tree,பனைமரம்,Trees,மரங்கள்
541,30,D2,1,dates tree,ஈச்சமரம்,Trees,மரங்கள்
542,30,D2,2,sandalwood tree,சந்தனமரம்,Trees,மரங்கள்
543,30,D2,3,custard apple tree,சீதாப்பழ மரம்,Trees,மரங்கள்
544,30,D2,4,mulberry tree,முசுக்கட்டை மரம்,Trees,மரங்கள்
545,30,D2,5,nutmeg tree,ஜாதி மரம்,Trees,மரங்கள்
546,30,D2,6,tamarind tree,புளியமரம்,Trees,மரங்கள்
547,30,D2,7,teakwood tree,தேக்கு மரம்,Trees,மரங்கள்
548,30,D2,8,jamun tree,நாவல் மரம்,Trees,மரங்கள்
549,30,D2,9,pipal tree,அரசமரம்,Trees,மரங்கள்
550,30,D2,10,portia tree,பூவரசமரம்,Trees,மரங்கள்
551,30,D2,11,babool tree,வேலமரம்,Trees,மரங்கள்
552,30,D2,12,eucalyptus tree,தைலமரம்,Trees,மரங்கள்
553,30,D2,13,camphor tree,கற்பூர மரம்,Trees,மரங்கள்
554,30,D2,14,rosewood tree,ஈட்டி மரம்,Trees,மரங்கள்
555,30,D2,15,Casuarina tree,சவுக்கு மரம்,Trees,மரங்கள்
556,30,D2,16,arecanut tree,பாக்கு மரம்,Trees,மரங்கள்
557,30,D2,17,gooseberry tree,நெல்லி மரம்,Trees,மரங்கள்
558,30,D2,18,gulmohar tree,இலந்தை மரம்,Trees,மரங்கள்
559,30,D2,19,golden shower tree,கொன்றை மரம்,Trees,மரங்கள்
560,30,D2,20,spanish cherry tree,மகிழமரம்,Trees,மரங்கள்
561,34,D1,1,top,மேல்,Opposites,எதிர்ச்சொற்கள்
562,34,D1,2,bottom,கீழ்,Opposites,எதிர்ச்சொற்கள்
563,34,D1,3,friend,நண்பன்,Opposites,எதிர்ச்சொற்கள்
564,34,D1,4,enemy,எதிரி,Opposites,எதிர்ச்சொற்கள்
565,34,D1,5,front,முன்னால்,Opposites,எதிர்ச்சொற்கள்
566,34,D1,6,back,பின்னால்,Opposites,எதிர்ச்சொற்கள்
567,34,D1,7,profit,இலாபம்,Opposites,எதிர்ச்சொற்கள்
568,34,D1,8,loss,இழப்பு,Opposites,எதிர்ச்சொற்கள்
569,34,D1,9,first,முதல்,Opposites,எதிர்ச்சொற்கள்
570,34,D1,10,last,கடைசி,Opposites,எதிர்ச்சொற்கள்
571,34,D1,11,good,நல்லது,Opposites,எதிர்ச்சொற்கள்
572,34,D1,12,bad,கெட்டது,Opposites,எதிர்ச்சொற்கள்
573,34,D1,13,there,அங்கே,Opposites,எதிர்ச்சொற்கள்
574,34,D1,14,here,இங்கே,Opposites,எதிர்ச்சொற்கள்
575,34,D1,15,inside,உள்ளே,Opposites,எதிர்ச்சொற்கள்
576,34,D1,16,outside,வெளியே,Opposites,எதிர்ச்சொற்கள்
577,34,D1,17,truth,உண்மை,Opposites,எதிர்ச்சொற்கள்
578,34,D1,18,lie,பொய்,Opposites,எதிர்ச்சொற்கள்
579,34,D1,19,open,திற,Opposites,எதிர்ச்சொற்கள்
580,34,D1,20,close,மூடு,Opposites,எதிர்ச்சொற்கள்
581,34,D2,1,unity,ஒற்றுமை,Opposites,எதிர்ச்சொற்கள்
582,34,D2,2,diversity,வேற்றுமை,Opposites,எதிர்ச்சொற்கள்
583,34,D2,3,near,அருகில்,Opposites,எதிர்ச்சொற்கள்
584,34,D2,4,far,தொலைவில்,Opposites,எதிர்ச்சொற்கள்
585,34,D2,5,fast,விரைவாக,Opposites,எதிர்ச்சொற்கள்
586,34,D2,6,slow,மெதுவாக,Opposites,எதிர்ச்சொற்கள்
587,34,D2,7,thief,திருடன்,Opposites,எதிர்ச்சொற்கள்
588,34,D2,8,police,காவலன்,Opposites,எதிர்ச்சொற்கள்
589,34,D2,9,peace,சமாதானம்,Opposites,எதிர்ச்சொற்கள்
590,34,D2,10,fight,சண்டை,Opposites,எதிர்ச்சொற்கள்
591,34,D2,11,strength,பலம்,Opposites,எதிர்ச்சொற்கள்
592,34,D2,12,weakness,பலவீனம்,Opposites,எதிர்ச்சொற்கள்
593,34,D2,13,silence,நிசப்தம்,Opposites,எதிர்ச்சொற்கள்
594,34,D2,14,noise,சத்தம்,Opposites,எதிர்ச்சொற்கள்
595,34,D2,15,young,இளமை,Opposites,எதிர்ச்சொற்கள்
596,34,D2,16,elder,முதுமை,Opposites,எதிர்ச்சொற்கள்
597,34,D2,17,justice,நீதி,Opposites,எதிர்ச்சொற்கள்
598,34,D2,18,injustice,அநீதி,Opposites,எதிர்ச்சொற்கள்
599,34,D2,19,export,ஏற்றுமதி,Opposites,எதிர்ச்சொற்கள்
600,34,D2,20,import,இறக்குமதி,Opposites,எதிர்ச்சொற்கள்
601,38,D1,1,music,இசை,Arts and Crafts,கலைகளும் கைவினைப்பொருள்களும்
602,38,D1,2,actor,நடிகர்,Arts and Crafts,கலைகளும் கைவினைப்பொருள்களும்
603,38,D1,3,singer,பாடகர்,Arts and Crafts,கலைகளும் கைவினைப்பொருள்களும்
604,38,D1,4,beads,மணிகள்,Arts and Crafts,கலைகளும் கைவினைப்பொருள்களும்
605,38,D1,5,rope,கயிறு,Arts and Crafts,கலைகளும் கைவினைப்பொருள்களும்
606,38,D1,6,cane,தடி/பிரம்பு,Arts and Crafts,கலைகளும் கைவினைப்பொருள்களும்
607,38,D1,7,flute,புல்லாங்குழல்,Arts and Crafts,கலைகளும் கைவினைப்பொருள்களும்
608,38,D1,8,drum,மத்தளம்,Arts and Crafts,கலைகளும் கைவினைப்பொருள்களும்
609,38,D1,9,snake charmer's flute,மகுடி,Arts and Crafts,கலைகளும் கைவினைப்பொருள்களும்
610,38,D1,10,percussion pot,கடம்,Arts and Crafts,கலைகளும் கைவினைப்பொருள்களும்
611,38,D1,11,art,கலை,Arts and Crafts,கலைகளும் கைவினைப்பொருள்களும்
612,38,D1,12,tailoring,தையல்,Arts and Crafts,கலைகளும் கைவினைப்பொருள்களும்
613,38,D1,13,paper fan,காகித விசிறி,Arts and Crafts,கலைகளும் கைவினைப்பொருள்களும்
614,38,D1,14,dancer,நடனக் கலைஞர்,Arts and Crafts,கலைகளும் கைவினைப்பொருள்களும்
615,38,D1,15,paper flowers,காகிதப் பூக்கள்,Arts and Crafts,கலைகளும் கைவினைப்பொருள்களும்
616,38,D1,16,drama,நாடகம்,Arts and Crafts,கலைகளும் கைவினைப்பொருள்களும்
617,38,D1,17,drawing/painting,ஓவியம்,Arts and Crafts,கலைகளும் கைவினைப்பொருள்களும்
618,38,D1,18,sculpture,சிற்பம்,Arts and Crafts,கலைகளும் கைவினைப்பொருள்களும்
619,38,D1,19,statue,சிலை,Arts and Crafts,கலைகளும் கைவினைப்பொருள்களும்
620,38,D1,20,cartoonist,கேலிச்சித்திர ஓவியர்,Arts and Crafts,கலைகளும் கைவினைப்பொருள்களும்
621,38,D2,1,pottery,மட்பாண்டத்தொழில்,Arts and Crafts,கலைகளும் கைவினைப்பொருள்களும்
622,38,D2,2,conch chain,சங்கு மாலை,Arts and Crafts,கலைகளும் கைவினைப்பொருள்களும்
623,38,D2,3,craft,கைவினை,Arts and Crafts,கலைகளும் கைவினைப்பொருள்களும்
624,38,D2,4,clay doll,களிமண் பொம்மை,Arts and Crafts,கலைகளும் கைவினைப்பொருள்களும்
625,38,D2,5,musical instrument,இசைக் கருவி,Arts and Crafts,கலைகளும் கைவினைப்பொருள்களும்
626,38,D2,6,wax doll,மெழுகு பொம்மை,Arts and Crafts,கலைகளும் கைவினைப்பொருள்களும்
627,38,D2,7,wooden doll,மரப்பாச்சி பொம்மை,Arts and Crafts,கலைகளும் கைவினைப்பொருள்களும்
628,38,D2,8,paper mask,காகித முகமூடி,Arts and Crafts,கலைகளும் கைவினைப்பொருள்களும்
629,38,D2,9,jewelry making,நகைகள் செய்தல்,Arts and Crafts,கலைகளும் கைவினைப்பொருள்களும்
630,38,D2,10,bamboo basket,மூங்கில் கூடை,Arts and Crafts,கலைகளும் கைவினைப்பொருள்களும்
631,38,D2,11,bead chain,மணி மாலை,Arts and Crafts,கலைகளும் கைவினைப்பொருள்களும்
632,38,D2,12,palm leaf hat,பனை ஓலைத் தொப்பி,Arts and Crafts,கலைகளும் கைவினைப்பொருள்களும்
633,38,D2,13,jute work,சணல் வேலை,Arts and Crafts,கலைகளும் கைவினைப்பொருள்களும்
634,38,D2,14,wood work,மர வேலை,Arts and Crafts,கலைகளும் கைவினைப்பொருள்களும்
635,38,D2,15,architecture,கட்டக்கலை,Arts and Crafts,கலைகளும் கைவினைப்பொருள்களும்
636,38,D2,16,wooden temple,மரக் கோயில்,Arts and Crafts,கலைகளும் கைவினைப்பொருள்களும்
637,38,D2,17,stone temple,கற்கோயில்,Arts and Crafts,கலைகளும் கைவினைப்பொருள்களும்
638,38,D2,18,brick building,செங்கல் கட்டம்,Arts and Crafts,கலைகளும் கைவினைப்பொருள்களும்
639,38,D2,19,puppet show,பொம்மலாட்டம்,Arts and Crafts,கலைகளும் கைவினைப்பொருள்களும்
640,38,D2,20,folk dance,கிராமிய நடனம்,Arts and Crafts,கலைகளும் கைவினைப்பொருள்களும்
641,42,D1,1,baby shark,பால் சுறா,Sea Creatures,நீர் வாழ் உயிரினங்கள்
642,42,D1,2,shark,சுறா மீன்,Sea Creatures,நீர் வாழ் உயிரினங்கள்
643,42,D1,3,sealion,கடல் சிங்கம்,Sea Creatures,நீர் வாழ் உயிரினங்கள்
644,42,D1,4,seahorse,கடல் குதிரை,Sea Creatures,நீர் வாழ் உயிரினங்கள்
645,42,D1,5,walrus,கடற்யானை,Sea Creatures,நீர் வாழ் உயிரினங்கள்
646,42,D1,6,blue whale,நீலத் திமிங்கிலம்,Sea Creatures,நீர் வாழ் உயிரினங்கள்
647,42,D1,7,octopus,சிலந்தி மீன்,Sea Creatures,நீர் வாழ் உயிரினங்கள்
648,42,D1,8,prawn,இறால்,Sea Creatures,நீர் வாழ் உயிரினங்கள்
649,42,D1,9,oyster,சிப்பி,Sea Creatures,நீர் வாழ் உயிரினங்கள்
650,42,D1,10,shellfish,கிளிஞ்சல் பூச்சி,Sea Creatures,நீர் வாழ் உயிரினங்கள்
651,42,D1,11,conch,சங்கு,Sea Creatures,நீர் வாழ் உயிரினங்கள்
652,42,D1,12,seal,கடல் நீர் நாய்,Sea Creatures,நீர் வாழ் உயிரினங்கள்
653,42,D1,13,tunafish,சூரை மீன்,Sea Creatures,நீர் வாழ் உயிரினங்கள்
654,42,D1,14,seaweed,கடல் பாசி,Sea Creatures,நீர் வாழ் உயிரினங்கள்
655,42,D1,15,mantaray,திருக்கை மீன்,Sea Creatures,நீர் வாழ் உயிரினங்கள்
656,42,D1,16,clam,மட்டி,Sea Creatures,நீர் வாழ் உயிரினங்கள்
657,42,D1,17,angler fish,தூண்டில் மீன்,Sea Creatures,நீர் வாழ் உயிரினங்கள்
658,42,D1,18,penguin,பனிப்பாடி,Sea Creatures,நீர் வாழ் உயிரினங்கள்
659,42,D1,19,mermaid,கடல் கன்னி,Sea Creatures,நீர் வாழ் உயிரினங்கள்
660,42,D1,20,dolphin,ஓங்கில்,Sea Creatures,நீர் வாழ் உயிரினங்கள்
661,42,D2,1,anchovies,நெத்திலி மீன்,Sea Creatures,நீர் வாழ் உயிரினங்கள்
662,42,D2,2,sea urchin,கடல் முள்ளெலி,Sea Creatures,நீர் வாழ் உயிரினங்கள்
663,42,D2,3,barracuda,சீலா மீன்,Sea Creatures,நீர் வாழ் உயிரினங்கள்
664,42,D2,4,butter Fish,விறால் மீன்,Sea Creatures,நீர் வாழ் உயிரினங்கள்
665,42,D2,5,catfish,கெளுத்தி மீன்,Sea Creatures,நீர் வாழ் உயிரினங்கள்
666,42,D2,6,eel,விலாங்கு மீன்,Sea Creatures,நீர் வாழ் உயிரினங்கள்
667,42,D2,7,jellyfish,இழுது மீன்,Sea Creatures,நீர் வாழ் உயிரினங்கள்
668,42,D2,8,kingfish,வஞ்சர மீன்,Sea Creatures,நீர் வாழ் உயிரினங்கள்
669,42,D2,9,lobster,சிங்கி இறால்,Sea Creatures,நீர் வாழ் உயிரினங்கள்
670,42,D2,10,mullet,கெண்டை மீன்,Sea Creatures,நீர் வாழ் உயிரினங்கள்
671,42,D2,11,parrotfish,கிளி மூக்கு மீன்,Sea Creatures,நீர் வாழ் உயிரினங்கள்
672,42,D2,12,redsnapper,சங்கரா மீன்,Sea Creatures,நீர் வாழ் உயிரினங்கள்
673,42,D2,13,ribbonfish,வாலை மீன்,Sea Creatures,நீர் வாழ் உயிரினங்கள்
674,42,D2,14,sawfish,கோலா மீன்,Sea Creatures,நீர் வாழ் உயிரினங்கள்
675,42,D2,15,seabass,கொடுவா மீன்,Sea Creatures,நீர் வாழ் உயிரினங்கள்
676,42,D2,16,cuttlefish,கணவாய் மீன்,Sea Creatures,நீர் வாழ் உயிரினங்கள்
677,42,D2,17,swordfish,வாள் மீன்,Sea Creatures,நீர் வாழ் உயிரினங்கள்
678,42,D2,18,tigerfish,கீச்சான்,Sea Creatures,நீர் வாழ் உயிரினங்கள்
679,42,D2,19,yellow tuna,கீரை மீன்,Sea Creatures,நீர் வாழ் உயிரினங்கள்
680,42,D2,20,seawasp,கடல் குளவி,Sea Creatures,நீர் வாழ் உயிரினங்கள்
681,46,D1,1,citizen,குடிமகன் / குடிமகள்,Immigration,குடியேற்றம்
682,46,D1,2,citizenship,குடியுரிமை,Immigration,குடியேற்றம்
683,46,D1,3,border,எல்லை,Immigration,குடியேற்றம்
684,46,D1,4,interview,நேர்காணல்,Immigration,குடியேற்றம்
685,46,D1,5,immigration,குடியேற்றம்,Immigration,குடியேற்றம்
686,46,D1,6,application,விண்ணப்பம்,Immigration,குடியேற்றம்
687,46,D1,7,visa,நுழைவுச் சான்று,Immigration,குடியேற்றம்
688,46,D1,8,passport,கடவுச் சீட்டு,Immigration,குடியேற்றம்
689,46,D1,9,customs,சுங்கம்,Immigration,குடியேற்றம்
690,46,D1,10,deport,நாடு கடத்து,Immigration,குடியேற்றம்
691,46,D1,11,migration,இடம் பெயர்வு,Immigration,குடியேற்றம்
692,46,D1,12,nationality,நாட்டினம்,Immigration,குடியேற்றம்
693,46,D1,13,port of departure,குடியேறிடம்,Immigration,குடியேற்றம்
694,46,D1,14,port of entry,குடி நுழைவிடம்,Immigration,குடியேற்றம்
695,46,D1,15,refugee,அகதி,Immigration,குடியேற்றம்
696,46,D1,16,emigration,குடியேறல்,Immigration,குடியேற்றம்
697,46,D1,17,permission,அனுமதி,Immigration,குடியேற்றம்
698,46,D1,18,document,ஆவணம்,Immigration,குடியேற்றம்
699,46,D1,19,penalty,தண்டனை,Immigration,குடியேற்றம்
700,46,D1,20,rejection,நிராகரிப்பு,Immigration,குடியேற்றம்
701,46,D2,1,foreign policy,வெளிநாட்டுக் கொள்கை,Immigration,குடியேற்றம்
702,46,D2,2,individual liberty,தனிமனித சுதந்திரம்,Immigration,குடியேற்றம்
703,46,D2,3,asylum,புகலிடம்,Immigration,குடியேற்றம்
704,46,D2,4,customs declaration,சுங்கச் சாற்றுரை,Immigration,குடியேற்றம்
705,46,D2,5,customs duty,சுங்கத் தீர்வை,Immigration,குடியேற்றம்
706,46,D2,6,declaration,சாற்றுதல்,Immigration,குடியேற்றம்
707,46,D2,7,origin,தோற்றம்,Immigration,குடியேற்றம்
708,46,D2,8,denial,மறுப்பு,Immigration,குடியேற்றம்
709,46,D2,9,amnesty,பொது மன்னிப்பு,Immigration,குடியேற்றம்
710,46,D2,10,work permit,வேலை அனுமதி,Immigration,குடியேற்றம்
711,46,D2,11,resettlement,மீள் குடியேற்றம்,Immigration,குடியேற்றம்
712,46,D2,12,foreign currency,வெளிநாட்டுப் பணம்,Immigration,குடியேற்றம்
713,46,D2,13,embassy,தூதரகம்,Immigration,குடியேற்றம்
714,46,D2,14,work permit,வேலை அனுமதி,Immigration,குடியேற்றம்
715,46,D2,15,smuggle,கடத்தல்,Immigration,குடியேற்றம்
716,46,D2,16,traffick,ஆட்கடத்தல்,Immigration,குடியேற்றம்
717,46,D2,17,alien,அந்நியர்,Immigration,குடியேற்றம்
718,46,D2,18,sponsor,ஆதரிப்பவர்,Immigration,குடியேற்றம்
719,46,D2,19,homeland,தாய்நாடு,Immigration,குடியேற்றம்
720,46,D2,20,refugee camp,அகதிகள் முகாம்,Immigration,குடியேற்றம்
721,47,D1,1,grain,தானியம்,Grains,விதைமணிகள்
722,47,D1,2,paddy,நெல்,Grains,விதைமணிகள்
723,47,D1,3,wheat,கோதுமை,Grains,விதைமணிகள்
724,47,D1,4,corn,மக்காச் சோளம்,Grains,விதைமணிகள்
725,47,D1,5,wild rice,காட்டு அரிசி,Grains,விதைமணிகள்
726,47,D1,6,brown rice,பழுப்பு அரிசி,Grains,விதைமணிகள்
727,47,D1,7,bamboo rice,மூங்கில் அரிசி,Grains,விதைமணிகள்
728,47,D1,8,millet,சிறு தானியம்,Grains,விதைமணிகள்
729,47,D1,9,lotus seed,தாமரை விதை,Grains,விதைமணிகள்
730,47,D1,10,coriander seed,கொத்தமல்லி விதை,Grains,விதைமணிகள்
731,47,D1,11,sunflower seed,சூரியகாந்தி விதை,Grains,விதைமணிகள்
732,47,D1,12,pumpkin seed,பூசணி விதை,Grains,விதைமணிகள்
733,47,D1,13,split redgram,துவரம் பருப்பு,Grains,விதைமணிகள்
734,47,D1,14,split chickpeas,கடலைப் பருப்பு,Grains,விதைமணிகள்
735,47,D1,15,blackgram,உளுந்து,Grains,விதைமணிகள்
736,47,D1,16,chickpeas,கொண்டக்கடலை,Grains,விதைமணிகள்
737,47,D1,17,green gram,பாசிப் பருப்பு,Grains,விதைமணிகள்
738,47,D1,18,sesame seed,எள்,Grains,விதைமணிகள்
739,47,D1,19,red rice,சிவப்பு அரிசி,Grains,விதைமணிகள்
740,47,D1,20,black-eyed peas,காராமணி,Grains,விதைமணிகள்
741,47,D2,1,pearl millet,கம்பு,Grains,விதைமணிகள்
742,47,D2,2,moth bean,நரிப் பயறு,Grains,விதைமணிகள்
743,47,D2,3,oats,காடைக் கண்ணி,Grains,விதைமணிகள்
744,47,D2,4,horse gram,கொள்ளு,Grains,விதைமணிகள்
745,47,D2,5,buckwheat,மரக் கோதுமை,Grains,விதைமணிகள்
746,47,D2,6,browntop millet,குல சாமை,Grains,விதைமணிகள்
747,47,D2,7,foxtail millet,தினை,Grains,விதைமணிகள்
748,47,D2,8,finger millet,கேழ்வரகு,Grains,விதைமணிகள்
749,47,D2,9,kodo millet,வரகு,Grains,விதைமணிகள்
750,47,D2,10,little millet,சாமை,Grains,விதைமணிகள்
751,47,D2,11,flax seed,ஆளி விதை,Grains,விதைமணிகள்
752,47,D2,12,barnyard millet,குதிரைவாலி,Grains,விதைமணிகள்
753,47,D2,13,barley,வாற்கோதுமை,Grains,விதைமணிகள்
754,47,D2,14,quinoa,சீமைத்தினை,Grains,விதைமணிகள்
755,47,D2,15,sorghum,சோளம்,Grains,விதைமணிகள்
756,47,D2,16,proso millet,பனிவரகு,Grains,விதைமணிகள்
757,47,D2,17,chia seed,சியா விதை,Grains,விதைமணிகள்
758,47,D2,18,hemp seed,கணக்கு விதை,Grains,விதைமணிகள்
759,47,D2,19,poppy seed,கசகசா,Grains,விதைமணிகள்
760,47,D2,20,basil seed,திருநீற்றுப்பச்சை விதை,Grains,விதைமணிகள்
761,62,D1,1,sidewalk,நடைபாதை,Roadways,சாலை வழி
762,62,D1,2,school zone,பள்ளிப் பகுதி,Roadways,சாலை வழி
763,62,D1,3,flyover,மேம்பாலம்,Roadways,சாலை வழி
764,62,D1,4,subway,சுரங்கப் பாதை,Roadways,சாலை வழி
765,62,D1,5,accident,விபத்து,Roadways,சாலை வழி
766,62,D1,6,speed bump,வேகத் தடை,Roadways,சாலை வழி
767,62,D1,7,drop-off zone,இறக்கி விடும் இடம்,Roadways,சாலை வழி
768,62,D1,8,pothole,குழி,Roadways,சாலை வழி
769,62,D1,9,traffic,போக்குவரத்து,Roadways,சாலை வழி
770,62,D1,10,stop sign,நில் பலகை,Roadways,சாலை வழி
771,62,D1,11,roundabout,வட்டச் சாலை,Roadways,சாலை வழி
772,62,D1,12,street,தெரு,Roadways,சாலை வழி
773,62,D1,13,intersection,சாலை சந்திப்பு,Roadways,சாலை வழி
774,62,D1,14,parking lot,வாகன நிறுத்தம்,Roadways,சாலை வழி
775,62,D1,15,highway,நெடுஞ்சாலை,Roadways,சாலை வழி
776,62,D1,16,toll,சுங்கம்,Roadways,சாலை வழி
777,62,D1,17,overtake/pass,முந்திச் செல்லுதல்,Roadways,சாலை வழி
778,62,D1,18,speed limit,வேக வரம்பு,Roadways,சாலை வழி
779,62,D1,19,bridge,பாலம்,Roadways,சாலை வழி
780,62,D1,20,pedestrian crossing,நடப்போர் கடப்பிடம்,Roadways,சாலை வழி
781,62,D2,1,lane merge,பாதை இணைப்பு,Roadways,சாலை வழி
782,62,D2,2,detour (diversion),மாற்றுப்பாதை,Roadways,சாலை வழி
783,62,D2,3,yield,இசைந்து கொடு,Roadways,சாலை வழி
784,62,D2,4,pedestrian,பாதசாரி,Roadways,சாலை வழி
785,62,D2,5,construction,கட்டுமானம்,Roadways,சாலை வழி
786,62,D2,6,entry ramp,நுழைவு சரிவுப் பாதை,Roadways,சாலை வழி
787,62,D2,7,exit ramp,வெளியேறும் சரிவுப் பாதை,Roadways,சாலை வழி
788,62,D2,8,pedestrian cross,பாதசாரிகள் கடக்கும் வழி,Roadways,சாலை வழி
789,62,D2,9,lane change,பாதை மாற்றம்,Roadways,சாலை வழி
790,62,D2,10,median,சாலை இடைநிலை,Roadways,சாலை வழி
791,62,D2,11,curbside,சாலை ஓரம்,Roadways,சாலை வழி
792,62,D2,12,cul-de-sac,முட்டுச் சந்து,Roadways,சாலை வழி
793,62,D2,13,pull-over,சாலை ஓர நிறுத்தம்,Roadways,சாலை வழி
794,62,D2,14,road shoulder,சாலை ஓரப் பகுதி,Roadways,சாலை வழி
795,62,D2,15,reserved parking,முன்பதிவு செய்யப்பட்ட நிறுத்துமிடம்,Roadways,சாலை வழி
796,62,D2,16,traffic jam,போக்குவரத்து நெரிசல்,Roadways,சாலை வழி
797,62,D2,17,driveway,ஓட்டுப் பாதை,Roadways,சாலை வழி
798,62,D2,18,distracted driving,கவனச்சிதறலுடன் வாகனம் ஓட்டுதல்,Roadways,சாலை வழி
799,62,D2,19,parking garage,வாகன நிறுத்துமிடம்,Roadways,சாலை வழி
800,62,D2,20,road signs,சாலை குறியீடுகள்,Roadways,சாலை வழி
